product_id,product_code,product_description,item_uuid,product_price,product_unit
125,48,#Guajillo Mexicano - LB,e6370d7f-f1d0-4dbc-b093-68f3de35e0b2,6.5,LB
400,PP18,1” Cut Beef Shank - LB,9b537425-d2dd-49dc-8202-6365d010a125,0,LB
276,DL1,12 Oz Heavy Plastic Deli Combo - CASE,9baf6eb1-ab3a-40a9-9fe2-4ac1ff361dd3,0,CASE
562,YL2512,12Oz Deli Combo Containers - CASE,68bab0b7-45d1-4735-aa6c-806fb7dc6e11,69.95,CASE
519,TR6,16 Oz Heavy Plastics Deli Combo - EACH,c4845997-3cb7-463c-b7d0-d57efc183ba6,0,EACH
317,GP101,24 Ply Cotton Butcher Twine - PCS,17cb4dbe-7931-4059-959c-1be4a9bda061,21.98,PCS
21,10459384N,24-32Oz To Go Microwavable Lids( Lh7200) - CASE,ea584798-9fb2-4dc8-85e8-61747d88099b,112.53,CASE
508,TR11,2Oz Plastic Ramenkin - CASE,d4a687d9-799c-4102-a2bf-a254b9b47810,0,CASE
521,TR8,2Oz Plastic Ramenkin Lids - CASE,bb7968b3-809d-4c23-9dfa-7ced718c4968,0,CASE
450,SD5032Y,32Oz Deli Plastic Container Bottom (480) - EACH,acebc801-b3f5-49db-b857-35a7b489c789,199.5,EACH
30,10934190,32Oz To Go Microwavable Bowls (M7232) - CASE,d2452fcc-8ce9-4d71-b51e-9971b4defec8,122.8,CASE
61,206024A,3M Tape Green - EACH,8fa404bd-c701-462f-b418-0b4856880eef,0,EACH
146,60801,500G Ina Agar (Kona Kanten) 250G - EACH,80c40b37-f709-4e18-838d-62ddcb8f0acb,17.5,EACH
208,ABC23,64Oz Deli Plastic Container Combo - CASE,87314680-5258-4088-a747-ce21238a8ec7,0,CASE
515,TR23,64Oz Heavy Plastic Deli Containers - CASE,5a4e2a0d-05ee-42a8-837f-aadf76d5fdbc,0,CASE
277,DL2,64Oz Heavy Plastic Deli Containers Combo - CASE,a7adc236-c5a3-4c70-8b11-c1b8d0938685,0,CASE
177,8175,"720 Btl Ryujin Shuzo ""Oze No Yukidore Hiyaoroshi"" - CASE",295d69cd-828d-48ef-83a4-8cdfeeab46ef,250,CASE
112,3945,720 Ml Btl Amabuki Gin No Kurenai Junmai - CASE,8c964743-4e79-4a06-99cc-2d0d92387216,253,CASE
127,497,"720Ml Btl Senkin ""Immortal Wing"" Classic Kamenoo Junmai Daigingo - CASE",9cb8c149-e1e5-4041-a2fa-656bb6f07e41,200,CASE
187,914273,8Oz Heavy Deli Plastic Combos(Yl2508) - CASE,4dadda92-593f-4dd2-8de4-840cceb57563,101.4,CASE
528,VAA,Aa Choy - LB,6580661b-db91-4bcc-bbf7-b4a6539a573b,5.5,LB
202,AB3,Aaa Grade Saku Blocks - Tuna - EACH,ca1773ee-8093-4453-9f1b-f2dc868016d9,19.95,EACH
31,109767,Agave Blue Organic 2X1Gal - CASE,f2dc2d6f-a873-4b16-a859-fe0c53770724,78.9,CASE
92,3259,Air Freshener Spray 8.8 Oz Air Linen & Sky (6) Febreze - CASE,cbb36e87-499a-4a8c-9a19-c8d1ec5f4883,28.71,CASE
167,7601,Alcohol Mirin (18.9L) - BOX,2c52845f-acc9-4f97-9e8b-36a58df447ef,76,BOX
181,8380,Alcohol Sake (18.9L) - BOX,8244016e-d4f3-415c-b8ed-e8291197ab53,54,BOX
464,SPNU1H,Almond Sliced Natural 5 Lb Bazzini 5 Lb - CTN,dc839911-adb9-46b4-aa8d-830039f11229,29.25,CTN
363,NA115A,Almonds Shelled Whole Natural 1X5Lb - CASE,d242ca49-020c-4641-9c06-b2487a0a906a,30.45,CASE
294,F18500HD,Aluminum Foil 18X500 Roll With Steel Cutter Hd Crystal - EACH,e3e332ca-fa94-4da4-b842-a78c9719b6d9,29.95,EACH
198,96821,Aluminum Gyoza Vat/Bottom Lg - EACH,41b6bac9-f06e-4d30-9ffe-e6e46bfc6a71,52,EACH
199,96822,Aluminum Gyoza Vat/Lid Lg - EACH,168bed93-d003-461c-a33b-c6150dd94bd4,26,EACH
173,8,Ancho - LB,fde03914-08b8-4125-960c-4e1fe4c4b1b1,7.85,LB
452,SEA1A,Anchovies White Tray 1 Kg - EACH,2dff2f57-b2f6-4ff3-b3b6-d01e397465e3,24,EACH
453,SEA1FF,Anchovies Whitee Fresh Boqouerones 20Oz - EACH,3aee3479-d1cb-4ddc-af32-b948ba354f47,30,EACH
152,63034,Aonoriko Seaweed 100G - EACH,2de99844-05ae-4dc5-bd77-449ab4e56cc7,5,EACH
221,AP20S,Apple Green Peeled Diced 1/2 2X10Lb - CTN,73401239-ec6f-43b3-bea3-ae04c6a2fdeb,208.25,CTN
222,AP5,Apples Fuji (100) - CASE,49b4d874-e4b2-47ea-aee2-6c2deb1586af,47,CASE
81,30367,Australian Wagyu Brisket - EACH,b34a22e4-2fcd-47e4-a44e-de65a6feedfe,0,EACH
204,ABC10,Avocado - CASE,8639fca3-edaf-4f09-872f-b73eede570f7,0,CASE
224,AV1PR,Avocado - CASE,3aff08a1-5a70-4a84-a980-2f8aa91aba50,0,CASE
172,78832,Bag Debbie Trim 10X5X13-Kraft 1/250 Ct - CASE,c798bea3-e828-41cf-bbf8-570a110675eb,71.1,CASE
517,TR-3851,Bags 58Xx 22X14X50 Clear Mini Rolls (72) To Rise - CASE,3cad9898-33f6-423a-b1f1-14f8e754a912,27.95,CASE
358,MR-3205,Bags Office White 15X9X33 (100) - EACH,b2c409f0-b090-4b61-9c6b-e2effb0478e6,16.95,EACH
232,BA,Bananas Box Singles 10Lb - CTN,ea737703-7991-4324-9b2a-5a4ac13383b8,11,CTN
109,3809,Banrai (Ooyabu) Nigari 1L - EACH,2bbcc2fd-653d-4e46-80c9-9d22d6c55585,12,EACH
211,ABC28,Barley Tea - BOX,020e79e8-3881-4059-9cd3-a6b253c2f4e4,0,BOX
144,53613,Barley Tea Bags - CASE,c9c63646-863c-4496-acc7-916119a89a55,74,CASE
324,HAC0421,Base Vegetable Granulated Vegan - EACH,1f908beb-2186-41cc-8adb-e765b270a6b2,22.5,EACH
231,B80,Basil Thai 4 Oz 4 Oz - EACH,d63c0367-ec4d-4f72-b037-ff8f6b9241a3,0,EACH
458,SPB105,Bay Leaf Dried 10Oz - EACH,652fa98c-b677-43db-a717-64d6738b6c7f,9.5,EACH
529,VBBCAR,Bb Carrot 5Lb - EACH,13af6a9a-cd88-4d6b-8978-253c7351df89,38,EACH
205,ABC11,Bean Leaf 10# - EACH,838ed421-5d18-4ef5-8ec9-696dd7c41fc8,0,EACH
531,VBS,Bean Sprouts - LB,b3c19c00-2419-4a6b-aac8-48350e800954,1.1,LB
237,BEA92,Beans String Snipped 2X5 Lb - CTN,890501a7-9122-4f6d-ae08-4cd2d03f68cc,27.75,CTN
215,ABC49,Beech Mushrooms - PCS,5b7967b5-12d3-4388-ac36-50b18b2a869f,0,PCS
429,PP6,Beef Chuck - LB,24ef93fd-3488-4d05-be79-061e173afeaa,0,LB
398,PP16,Beef Fat - LB,b50df4d8-0c43-426e-8b06-09512c3387b3,0,LB
1,0,Beef Ground Paisanos Mix (10#) - EACH,ded62d60-678f-4d1b-8024-4afd09a15f3b,49.9,EACH
239,BEE1,Beets Golden Baby 24 Ct 24 Ct - CTN,8aae94d4-4c89-4619-9fde-906067de211c,0,CTN
148,61094,Beni Shoga Pickles 2Kg - EACH,778b54f9-0f15-481c-be2c-32f00d608834,11.4,EACH
407,PP25,Berkshire Ground Bacon (10#) - EACH,2f31170d-bcea-4d26-89a3-3caa8d77f1c8,44.9,EACH
262,CO2F,Bicolor Corn - CASE,eb30e4ec-4a46-4c86-b108-6effa1acfb21,0,CASE
180,83483,Binchotan Premium 33Lb 2.5Cm-5Cm Diameter - CASE,68a9bf5f-43d9-42fa-9e0d-b95b3838c1c0,85,CASE
238,BEANMM,Black Eyed Peas 12.5Lb - EACH,cc2e0646-8f13-4d6c-a7ba-7a378dc42a1d,37.5,EACH
117,406,Black Mole Oaxaca - LB,2cfc10dd-c245-4f21-ae13-e806459ffb8a,0,LB
327,IBMS,Black Mustard Seed 5 Lb - CASE,cd0d900b-e43a-4a6a-8644-83da03ed9d3b,0,CASE
474,SPP150,Black Peppercorns Whole 1X5Lb - EACH,d726239a-b4b7-4021-a002-4585c1b77248,37.14,EACH
194,93780,Black Renges (Soup Spoons) - PCS,40c67422-0bef-43e3-b036-0694567e8dcc,0,PCS
242,blksescr,Black Sesame Cracker - EACH,96750c66-c929-49da-91fa-736fccd85f15,3.5,EACH
135,50781,Black Sesame Paste - PCS,1bf98164-942e-437f-a87e-f6e91ce5fcb7,17,PCS
241,BKSUG,Black Sugar - EACH,4bfb6491-2761-4b19-8cff-6580a3ad3020,4.5,EACH
74,30100,Blackhawk Brisket - LB,96ef8ba7-595c-43df-aa02-c5f6ebd948e4,9.5,LB
32,1100863545,Bleach - CASE,edf6894c-a086-48da-93c1-23639fd8092b,0,CASE
122,448805216,Bleach Laundry 1Gal 2% Full (6) Austin 101 Reg - EACH,1e364edd-303b-4470-929f-cabaee43f7b4,29.91,EACH
229,B6,Blueberries - CASE,4a7c0a5d-455e-4e21-8297-23e751fd1899,0,CASE
403,PP20,Brisket Wagyu - LB,49df1817-da80-4e5d-b4bf-8c770b8fcd50,5.49,LB
34,1115-1,"Broom Angle General Purpose Cleaning 15"" Wide Steel Handle 6/Ea Libman - BOX",0c5e86da-57cf-47a9-ab75-63f4f4730819,37.9,BOX
342,MBEE,Brown Beech Mushroom 150G - EACH,af3325d3-e5f4-43a3-9736-ba83c78e4804,2.95,EACH
329,JBRV,Brown Rice Vinegar 16 Oz - EACH,d4df7e12-b984-4f61-8d93-f634ef3e531b,12.5,EACH
530,VBRUS1,Brussel Sprouts - CASE,4243d744-545e-41ad-9ea3-522d0afcc1d9,50,CASE
476,SPR10,Brussels Sprouts Loose 22 Lb - CTN,b267e13b-8291-492c-8645-575f6b9ccbdd,42,CTN
115,4053,Brussels Sprouts Loose 25Lb - CASE,1f2cc4d9-46c6-4e72-ba7f-15d88b91729d,41.5,CASE
26,10709,Btl 720Ml Mimurosugi Dio Abita Junmai Gingo - CASE,46a9095c-4b5a-4a51-952f-0efc27ccd1c4,254,CASE
212,ABC39,Bulldog Sauce - EACH,bd49a633-3995-4d8f-8325-51df4868dc5b,0,EACH
121,427,Bush Pozole 6/Gallon - CASE,7647c595-3053-4851-9dfe-ed28a8db0387,0,CASE
243,BMILK,Butter Milk 32 Oz - EACH,ed071c44-bde0-4669-bbe0-f25701a328db,2.5,EACH
233,BB170,Butter Print Unsalted - LB,e749d300-f355-4db6-8f75-a02d9d044213,150.48,LB
11,10302336,"Buttermilk"" 5 Acre Farms - CASE",36493b40-395f-430f-ad7b-ac782033fb46,27.74,CASE
563,YS001,C. Mussel - LB,48f32e6d-25b7-4c80-8057-c55a68b25558,3,LB
532,VCAB,Cabbage - LB,201589d9-6080-40e7-9262-f102e04c04e3,1.25,LB
247,CAB,Cabbage (14-16 Ct) - BAG,f3e1610b-be6d-4245-96ed-2d97b0f2eae5,0,BAG
248,CAB2,Cabbage Savoy 40 Lb 40 Lb - CTN,c2c1f3b2-25db-480c-82c4-92440ced7a13,0,CTN
290,EGGS7,Cage Free Large Egg Cartons 15X1 Dozen - CASE,5705a025-d65f-45a0-bda9-652e6cf43f1e,64,CASE
69,26,Canela - LB,e584b491-27ca-42d5-bb38-b3a67e8c7eeb,9,LB
266,CTC,Canned Tomato Crushed - PCS,e17bedb0-f604-48f1-91cd-78aab18147c2,0,PCS
267,CTOMP,Canned Tomato Puree - PCS,63b97eea-6013-4430-a3fb-68ae59c7f7b4,0,PCS
410,PP30,Canola Oil (35lb) - EACH,28916c44-c90a-4566-915f-eed8bb7af757,34.99,EACH
249,CANOLA FRY OIL,Canola Oil 35Lb - EACH,28182020-2f81-43f1-93b7-7a5feb3ff36c,39.95,EACH
252,CAR91C,Carrot Baby Tricolo Peeled 5Lb - CTN,b56b918a-3f46-4107-92ac-c4a452d0e037,25.5,CTN
251,CAR10,Carrot Loose Large 10Lb - CTN,8a8f9193-f0df-46ff-b7a7-f2f7825ac64a,14.25,CTN
533,VCAR,Carrots - LB,c6ff8a24-0503-45c7-a77d-6c14173be753,0.95,LB
250,CAR,Carrots Large Loose 50Lb - BAG,d3519610-4ff4-422e-97c6-3f43e4c127c9,0,BAG
70,2875,Cauliflower 12 Ct - CASE,10ea84ad-ef4c-43cc-a45a-492e4b110f36,36,CASE
253,CAU,Cauliflower 12Ct - CTN,7f8bbb70-0384-4c65-9e85-e55b219220f9,35.5,CTN
482,SPSPICE13M,Cayenne Pepper Ground 1 Lb Dir - EACH,cc370270-44d8-45a1-89a4-383d050667b1,6.5,EACH
309,GENCF2400,Cfold Towel 10X11.5 White (2400) New Generation - CASE,a26cd873-fe93-48ba-a1e8-a71fdcecee4c,39.95,CASE
381,P-050B-01,Cfold Towel Quality Paper White (2400) Marcal Pro - CASE,610166f9-e232-4f7a-9671-41c7a429a6c6,39.95,CASE
132,507453,Cha Hua Shiitake Donko 6X5Lb 4-5Cm - EACH,beffc383-5cfa-48f0-b2df-8b027c2a8231,75,5Cm
200,98514,Charcoal Touryu Binchotan 22Lb - CASE,c876ac8d-616c-406a-8842-0243a1c69f95,30,CASE
10,10299288,Cheese Curds - PCS,e2c5324f-a297-4bde-8a8d-d15ae08ab340,0,PCS
260,CHEESEMM,Cheese Queso Oaxaca 5 Lb El Viaj - PCS,38ebd805-460b-4a83-8e73-ffa4f81814c1,7,PCS
424,PP44,Chicken Back Bone - Murray's (40#) - CASE,079187ad-1b73-4c9d-9221-d14430ad39cd,43.6,CASE
20,10369178,Chicken Bobo 40# - CASE,37c1d491-de63-4f7b-97dd-f18a97799e09,0,CASE
404,PP21,Chicken Bobo Whole Old Fowl (20 Each) - CASE,111bb1d4-2b46-44bf-8123-3b2351d6c629,114,CASE
255,ccut6,Chicken Breast 6 Oz Cutlets (10# Bag) - EACH,c9ab0780-a776-48af-8ca5-799f45173fa5,39.9,EACH
428,PP5,Chicken Breast Boneless (10#) - LB,bbf4469e-a7db-4d3a-840d-d024029b4d94,24.9,LB
431,PP8,Chicken Eggs Large Brown Amish Free Range Loose (15 Doz) - CASE,a3dfe514-65ec-48c0-8ed3-15d147f9fd2e,50,CASE
406,PP24,Chicken Feet (22#) - CASE,b9eb2d80-b2da-4f88-bd97-ccf504723937,65.78,CASE
170,78271F,Chicken Feet Frozen 30Lb Avg - CASE,81f47ecf-5036-4d42-b497-6cbb40d4a4ca,109.5,CASE
349,MEPOGR,Chicken Ground 50D 50W 2X5 Lb Me - CTN,cf7dc1d0-4a0c-4c5d-a38f-e56c954c289a,46.49,CTN
418,PP39,Chicken Legs Maple - LB,8a559695-3055-43b7-b5d1-5588ffe4112e,1.89,LB
422,PP42,Chicken Liver Abf Nj Farm (5#) - EACH,64d06a19-6fc4-4a1e-9131-fb7ffc24727c,19.95,EACH
350,MEPOJJ,Chicken Livers 5 Lb Bucket Custom - EACH,33729d58-ce1e-47a3-a652-9ee121011a60,6.99,EACH
344,MC500B,Chicken Necks & Backs Frozen 40Lb Avg - CASE,7fabe59e-fe9a-4089-a467-e8a790b5e828,33.6,CASE
402,PP2,Chicken Rendered Fat 40Lb - CASE,c67c23ff-4e44-491b-ad81-60272aecc26d,79.6,CASE
430,PP7,Chicken Skin 40Lb - CASE,d5cc0645-97c0-4cd9-bb5e-27087e64aec3,39.6,CASE
405,PP23,Chicken Thighs Abf B/s Portioned 10# Bag - EACH,3a9c706e-2140-45d8-b7e9-bcba34639635,0,EACH
419,PP4,Chicken Thighs B/s - Not Portioned (10#) - EACH,452d7954-0ead-484b-8212-a401914d476e,28.9,EACH
348,MEPO1JF1B,Chicken Thighs Bnls Sknls Rtl 8X1 Lb Joyce - LB,290263b9-6652-4bda-9a4b-b3282fab500f,4.84,LB
534,VCBUDS,Chive Buds - PCS,a1dabf57-cab6-4229-9b48-4f9ec9ce7617,0,PCS
443,RP4,Chives 4 Oz - BUNCH,e62df9f5-70ff-401a-95e5-d552e4a80e42,0,BUNCH
256,CH,Chives 4Oz - EACH,cd4e454b-9d63-42c4-b8eb-0712cee69b8b,6.75,EACH
119,41743,Chojuku White Bread 6 Slice 15 X 374G - CASE,63931f56-1452-4de7-94ef-6549699beec9,84,CASE
184,896601,Chopsticks Ivan Ramen Custom - CASE,e06972f8-e9a8-4e56-916f-71ba6d6cbc5c,84,CASE
254,CC220,Chs Cream Cheese Philadelphia (6/3#) - EACH,5248182b-c5c2-48ef-8ef6-22fd98e7d551,104.76,EACH
535,VCIL,Cilantro - LB,d3e52ada-aea9-471e-a2f9-a0aa12037a30,4.5,LB
325,HCIN,Cinnamon Stick 7 Oz - EACH,57ec8638-90c2-476a-9a17-d4f91fe21877,5.5,EACH
101,35417,Cleaner Clorox Cleanup Disinfectant 32Ozx9 - EACH,560a3fd4-5283-4595-8261-b2890b3cd77c,79.95,EACH
35,1156,Cleaner Window & Glass Ammoniated 32Oz (12) - EACH,78e2f018-6c93-4c94-9f48-cebc57ae546c,42.95,EACH
99,352208,Clear Pet Cold Cup 16 Oz Clear Cups (1000) - EACH,6abbfb30-075a-4676-863a-d5b037e562f1,109.5,EACH
488,SPSPICE5B,Clove Whole 12Oz Diretta - EACH,a2b09de0-0fe6-41d9-9793-c1d60e70c52d,9.5,EACH
308,GD202,Coconut Milk - CASE,44ae3871-d0af-464d-be07-de3d987666ca,0,CASE
15,10319779,Coffee Classic Nescafe 6/7 Oz - CASE,6e78ee90-257e-416c-b055-9d6316884671,48.9,CASE
191,929632N,Coke (Cans) - CASE,99b14dba-5c7e-4df3-917b-71e450988247,0,CASE
566,YSD2532,Container Roud Deli 32Oz Combo Pp Translucent (240) Newspring - EACH,6e586e2b-0abd-40fc-af57-82e7f65b650d,116.41,EACH
263,CORIAN,Coriander Seed 7 Oz - CASE,4adccfe1-d46a-4b50-b3f1-eed35c4fab0a,0,CASE
268,CTOR,Corn Tortilla - PKT,cb1f4542-0b93-41d1-87a7-b29454f6ba0b,3.75,PKT
44,168,Corn Tortillas Tlayuda Por Pieza - CASE,51450c9b-899d-48fb-ad0a-feedce1c9b2b,0,CASE
310,GF225,Cornstarch (24 Boxes) - CASE,0eedaf21-7d12-41d7-a435-4e06b0f78d78,47.58,CASE
179,82671B,Cream Chargers - BOX,0818b43a-7770-4746-b7b4-96441f603f76,0,BOX
57,20321,Creamy Koji Sauce 2.6Lb - EACH,c9d318ef-ba00-48aa-8699-24126e3baa2e,8.75,EACH
111,388,Crema Azteca 14Oz - EACH,708e745c-8534-41a5-ac08-288cf3d384ad,3,EACH
269,CU5A,Cucumbers Persian Loose 20 Lb - CTN,56349d64-bda6-47b7-8f58-c77c302f42ba,46.25,CTN
460,SPD7E,Cuisine Tech Gum Xanthan 1Lb - EACH,56328510-1b88-4409-b642-388ad0eaff3d,70.9,EACH
490,SPSPICE6A,Cumin Ground 1 Lb 16 Oz - EACH,4f4a4359-8f2e-46df-8b35-44f9df9cc639,0,EACH
536,VDAI,Daikon - CASE,56c44fbb-3a6d-4342-b5bb-a2aa6c607bac,0,CASE
438,RA2,Daikon Radish Cress 16 Ct Flat - CASE,15131f18-7f1e-4cc2-b09a-47ac78f0aa22,28.25,CASE
285,DSPR,Daikon Sprouts - PCS,805ef657-7e13-41e5-8ceb-42acb7a51602,0,PCS
365,NYM10,Daina Chokarakuchi Junmai 720Ml - CASE,daf0ad79-825b-428a-bd59-dfa216fdc248,227.9,CASE
149,61196,Dashi Konbu 5Lb - EACH,6d4a23c3-2272-4563-a53c-18ce562a524e,40,EACH
37,13577,Dashi Packs 30X640G - CASE,d154881d-1522-43bb-b45d-8dcd935312b0,530,CASE
514,TR21,Degreaser - CASE,b6af2007-144c-4737-b171-5f936495a202,0,CASE
511,TR16,Deli Container Lids - Plastic - CASE,7006cd47-fbf5-4e0f-9510-8df5e691c1c1,0,CASE
509,TR12,Deli Paper 6” X 10.75” White - CASE,ed0601f9-5403-4f5f-a52c-4259610550db,0,CASE
512,TR17,Deli Quart Bottom - Plastic - CASE,2cac6a3f-aeef-48ad-b84b-54ecef11a858,0,CASE
560,x,"Dewatsuru ""kimoto"" Junmai 720ml - CASE",8a56d654-cf14-46bc-907f-a52c2b95c251,1,CASE
192,929633N,Diet Cocke (Cans) - CASE,403a3269-e29e-4237-80e3-e108ae44b386,0,CASE
270,D,Dill - BUNCH,313a7440-3a3e-4718-b58a-598a7007fd0c,0,BUNCH
442,RP3,Dill 4 Oz - BUNCH,853fef12-1ac3-43b1-b5d9-b05a5aaa723d,0,BUNCH
45,180700,Dinner Napkin 17X17 3Ply White 1/8 Fold (2000) Hoffmaster. - CASE,2ce41d1b-e4cd-4259-bba6-9a5fd8c573b6,166.35,CASE
145,57445,Dishwashing Liquid 1 Gal Pot And Pat Detergent (4) Dawn - EACH,f5bb98eb-910a-4502-ad95-80ef636716e8,0,EACH
178,82162,Disposable Renge Spoon 100Pcsx10 - CASE,8cd02111-c0c4-41ba-b537-7e3585fe0070,40,CASE
245,BSHR,Dried Brill Shrimp - LB,163e5a4c-abb4-485e-81bf-17a05383ede5,13,LB
131,50729,Dried Flying Fish 1.1Lb - EACH,b9518401-3a95-4c48-9386-391496bff085,15,EACH
283,DSCALS,Dried Scallop (S) - LB,158d36f8-8737-475c-8117-ab04c6037904,32,LB
284,DSL,Dried Shrimp Loose - LB,a39142c2-40d4-449f-83d6-27b7e1b39de6,28,LB
286,DSQ,Dried Squid (115G) - EACH,b494f37a-a5cf-4a8c-a311-0bac5b3982d9,9,EACH
235,BE1DAA,Driscoll’s Sweetest Batch Strawberries 16 X 10 Oz - CASE,395407dc-b3ea-4eaf-a55f-99a6818314c1,48,CASE
414,PP35,Duck Breast Moulard - LB,700e1385-500b-47f3-b8ba-9056a3f8b8c7,19.99,LB
409,PP28,Duck Fat (7.5#) - TUB,4a5c3d78-a4bf-455e-8a28-b9a48f2c0499,0,TUB
288,DUCK6,Duck Foie Gras Butter Nuggets 1 Lb Bella Bella 1 Lb - EACH,cf5cb091-7bf3-47da-bafd-33a366c84a2f,23.29,EACH
413,PP34,Duck Legs (20#) - CASE,1bee4dc6-d5d8-4f81-8ffd-59989575641d,0,CASE
287,DUCK2,Duck Moulard Breast Double Magret - LB,ff14efd7-7f95-4a87-bc62-759e9da5bdba,15.99,LB
411,PP32,Duck Wings (20#) - CASE,77d90db2-9396-437c-b65c-8de9bb7d81cf,0,CASE
520,TR7,Dust Pan - PCS,d45f067b-5033-4507-95f8-33e345ec9921,0,PCS
25,106,Dzn Chicharin Cuadro Dozen - EACH,17836c33-e582-403a-9993-ccfa05c350a1,0,EACH
373,OILZ4,E/V Olive Oil Traditional Can 3 Ltr Pons 3 Lt - EACH,57b6c0ad-9615-4378-b447-74f88f2c1dd7,44.5,EACH
3,100160SQP,Eco Box#1 26 Oz 2.5X4.37X3.5 Top 5X4.5(450) - CASE,ae5f6a94-6e53-4c29-a4eb-d72750e111d4,99.5,CASE
5,100860SQP,Eco-Box #8 Kraft 45 Oz 2.5 6X4.75 Top 6.75X5 43 (300) - EACH,35f37c5b-7ec0-4616-80fb-9812b49633f7,94.5,EACH
73,2996,Eggplant Japanese 10Lb - CASE,cbf4b2ba-acc1-4ed8-8a37-f285bd1fbf43,29.85,CASE
289,EGG2,Eggplant Japanese 10Lb - CTN,0c499e8e-7c9b-4be8-a67f-5fd45ebbebf9,27.75,CTN
291,EN,Endive Belgian 10Lb - CTN,336eecec-b519-4455-a488-b713e2f0d1d2,33,CTN
292,EN1,Endive Red 6.6Lb - CTN,e37c4c41-c206-4db8-8f1c-98bc709cb8ff,48.5,CTN
293,EVA,Evaporated Milk - EACH,ea206e21-1a2b-4f1e-beaa-27c886212c12,2,EACH
168,76267,F-Kinj Kizami Yuzu 3.5Oz - EACH,a9107885-31bc-4bb4-a3cf-82bf8609dd19,6.3,EACH
171,78693,F-kuramoto Ice Block M (8blocks) - CASE,b85cb90b-673c-4282-b043-d9546cf74ad7,35,CASE
28,108032821,Film Wrap 18X2000 32 Gauge (1) Crystal Film Cutterbox - EACH,2b7d6f6b-ce4e-4c3d-884e-e7c53bfeff25,32.95,EACH
296,F98HCF,Flat Lid For 16/24Oz With 98Mm Slot (1000) Victoria Bay - EACH,128c2403-756a-4219-8b8e-9a35a521ccc6,54.95,EACH
279,DL4,"Flour"" Ap 50# (2 Bags) - EACH",3e640cfa-d715-4d78-9f3c-3ab142ec2c97,0,EACH
278,DL3,"Flour""Wondra - EACH",ceb6701d-dd50-470a-a0b3-f33f836245b2,0,EACH
315,GM327,Frenches Mustard (6 Each) - CASE,e6254e56-2f92-4d89-8fe0-8bbd1c9fb095,0,CASE
203,AB4,Fresh #1 Tuna - LB,6919f3a2-2ce9-4fb0-80bf-c505671c8eb4,21.95,LB
297,FGAR,Fried Garlic 10.57Oz - EACH,f37efa6a-4668-42ea-aea8-b9b4cda764f8,7.5,EACH
300,FON1,Fried Onions 8 Oz - EACH,0d713ca6-0658-4851-99c5-3767b2e97070,5.95,EACH
226,B1,Frozen Corn - CASE,60a55d40-1856-4fc2-ba28-e2923bf8ade9,0,CASE
201,AB123,Frozen Shrimp White 8/12 (4 Lb Box) - EACH,93f2ae0c-c452-4fcf-9c9c-6d255c5ab2d3,44,EACH
561,y1234,Frozen Shrimp White 8/12 (4# Box) - PCS,cba27507-c0a1-424e-a17a-d2c11ef07ed5,43,PCS
236,BE990A,Frozen Strawberries (30 Lb) - CASE,0d0f9c3c-9a88-41c1-93ba-497017a271e9,54,CASE
565,YS003,Frz Shrimp White 1x4lb - PKT,73accc5d-4e9c-471f-9015-5b660ee08921,43,PKT
564,YS002,Frz Tuna Saku - 1x22 Lb - CASE,22baaccf-0f8a-4033-b80f-1566a14b5dcf,407,CASE
114,40414,Fukujin Zuke Niitakaya 2Kg - EACH,963ab291-2cc5-4845-83e1-769700513561,20.1,EACH
155,63829,Fukujinzuke Red Pickles 2Kg - EACH,d4f9472b-611b-4775-8822-062a5b79c364,20.1,EACH
516,TR-3653,Garbage Bags 22X16X52 (50) - EACH,faa300a0-8555-440e-8314-f46daa574a69,32.32,EACH
142,52689,Garlic Chips (Kg) - EACH,c3a1c519-9616-434e-8e32-6f36fd5dca0b,0,EACH
303,G3,Garlic Peeled 4X5 Lb - CTN,b4ce193e-9ba5-402d-8871-96c0722e7d0c,63.75,CTN
304,G3EA,Garlic Peeled 5 Lb - EACH,8f6d89f3-5fad-4801-a0e9-c0af4e34f0eb,15,EACH
88,3079,Garlic Peeled 5Lb - EACH,27cac8d2-f98b-4845-8860-0d404210f924,0,EACH
462,SPG115B,Garlic Powder 1X5Lb Tub - EACH,cc100f57-783b-4234-adc5-22b0f1eb2125,20.5,EACH
321,GSALT,Garlic Salt - PCS,2c398fb9-a943-4265-a101-f0554a8ac720,0,PCS
461,SPDGFGS,Gelatine Sheet Gold 1Kg Gelita - EACH,12ac9ca4-5b4f-4835-b3e4-fb5e32e728b8,57,EACH
396,PP14,Giannone Whole Chicken 3.75lb (avg) - EACH,dad15fda-d87e-4267-a790-6ffa458878d2,12.33,EACH
538,VGIN,Ginger - LB,4bef67a1-b23b-4be8-97e4-b3881148d185,2.75,LB
312,GI,Ginger 5Lb - EACH,ceb2efce-f47e-422c-9810-901cea2ac4c9,0,EACH
313,GINPO,Ginger Powder - EACH,e17579c8-ba91-4afd-9e0e-985ad0992dc6,8.5,EACH
89,3095,Ginger Whole - LB,28cba13d-5009-4644-8e1f-df31db940766,7.5,LB
335,LGPPFGL,Gloves Latex Gp P/F Lg 4 Mil (1000) Safeguard - CASE,cfdcca6b-4073-4737-8794-1d64b0092c4f,49.95,CASE
448,SAUCE4A,Gold’s Sweet & Sour Duck Sauce - GAL,7b285ac2-5e34-4164-a3ed-6262528fa805,16.58,GAL
307,GCUR,Golden Curry Mix - EACH,452bcc5f-99f5-470a-907f-752a70bdafa4,4.5,EACH
498,SSGMS,Golden Mountain Soy Sauce - EACH,da5b92f8-09e2-43d6-878e-a3f7be0cafc8,4,EACH
95,337,Goya Black Beans 24X15.5 Oz - CASE,e997b56a-c81f-46f1-8885-5c8b7e1481f2,31.75,CASE
96,342,Goya Pinto Beans 24/15.5Oz - CASE,65e9aa7f-261f-4e0e-a5e2-1085dcaefe2c,31.75,CASE
441,RP2,Green Beans - CASE,bb678d02-37ba-4f2f-8966-0d8d640e21de,0,CASE
217,ABC7,Green Beans - LB,bdddf5c7-cd5a-4e88-8d54-f443f6503a96,0,LB
526,UGD3002-41,Green Dish Detergent Deluxe To Rise 4X1 Gal - CASE,1134e089-21d1-474b-ab4d-2502f34e6133,29.95,CASE
513,TR18,Green Scouring Pads - CASE,c75cf1bc-2daf-4a2c-9f4c-909dc35e41be,0,CASE
228,B4,Green Tomatoes - CASE,d723f3d9-f348-4ccf-be28-97c4186b5bcb,0,CASE
408,PP27,Ground Chicken (10#) - BAG,a19404cd-26fa-488e-98a7-bbbecf093866,34.9,BAG
316,GMUS,Ground Mustard S&B - EACH,aa2e2095-b009-40e5-aedb-ea7d57906f3d,17.5,EACH
124,47,Guajillo - LB,75649446-0d80-4fb5-9dbb-ac974f222ae4,5,LB
444,RPH144LTBK,"Hairnet 24"" Black (144) Royal - EACH",6f155ce3-86a9-41db-8dfa-8b67d8e654d3,19.95,EACH
120,4208,Hakata No Yaki Shio 10X2.2Lb - CASE,68ef4db7-04d4-45ce-86c2-1774eb1e9479,69.52,CASE
447,SANIT-59385,Hand Sanitizer Gel Clean Scent 70% Alcohol 4/1Gallon. - EACH,68c00ac7-0220-4d15-b9a3-5d82c068e370,0,EACH
17,10341,Harmony Sake 300Ml - CASE,9fe0deb4-a975-45f7-9fa0-f2d5477290f7,95.35,CASE
499,SSTHIN,Healthy Boy Thai Lite Soy Sauce - CASE,a53e9e7e-b6a9-4205-8d65-78c64e761b36,52,CASE
281,DM116,Heavy Cream 40 % Grand Reserve - PCS,6592137c-aace-41c1-9fe1-419deeb8b6fd,6.23,PCS
326,HCREAM,Heavy Cream Qt - EACH,0b062442-63ba-4fb8-ab0d-c24605088ac3,7.5,EACH
314,GK111,Heinz Ketchup Plastic Jug 6X7 Lb Jug - CASE,2bfbab91-7424-4bfb-b9c8-7d54be691ceb,0,CASE
230,B7,Heirloom Baby Carrots - CASE,f3eb16fd-f9b1-480a-bffd-ab1207dc4495,0,CASE
264,CSHOI,Hoisin Sauce - EACH,0e954df0-ac0d-4562-81b4-9e0cb1215a4a,12,EACH
311,GH100,Honey Pure 5Lb - PCS,5c469a5b-f796-456e-91c1-8e964f53b71f,18.29,PCS
59,20530,Honkaiseki Soy Sauce Yamasa 60Fl.Oz - EACH,18124ce4-bace-498d-bc86-a3bc82249675,15,EACH
153,63386,House Firm Tofu 12 X 14Oz - CASE,abe92c8c-7a81-4e44-991d-82f011adee21,16,CASE
207,ABC18,Iceberg Lettuce - PCS,ffe01c5c-ccab-48a5-bc8c-fefebf1b3db0,0,PCS
328,ICE1E,Iceberg Lettuce - PCS,98f9f8fd-bdd8-4579-8478-0a101574292a,0,PCS
136,50782,Iri Koru Goma Kuki Black Sesame 2.2Lb - EACH,ed194f0d-9960-40d8-beba-6429f4a14ca6,9.5,EACH
140,523601,Iri Shiro Goma Kuki White Sesame 2.2Lb - EACH,6613523a-fa1a-4170-bbcc-c9821c899231,9,EACH
9,10287,Izumibashi Rakufumai Kimoto 720Ml - CASE,ca3326ab-dbb4-4162-b74d-d3d1bc44c465,0,CASE
22,10488,"Izumibashi Yamada ""Juro Umeshu"" - PCS",7c5ed3d9-5312-4b07-8e71-a9527c739896,31.2,PCS
543,VJAL,Jalapeño Pepper - LB,3e63adc9-f6f4-4c2f-b717-1b6ce68fc704,2.5,LB
240,BJE10,Japanese Eggplants 10Lbs - CASE,2691e937-d7dc-4100-81e6-75af75a075cd,0,CASE
282,DM185,Juice Lime Fresh 16X32 Oz - CASE,07d60a0f-e7fb-468b-8025-0e10a51d4612,45.62,CASE
330,JUICE0EA,Juice Orange 1 Gal Orchid Island - EACH,e94dfb2e-a960-4725-806c-6d5d81b099a4,17,EACH
51,20168,Kanjyuku Red Miso 2Lb - EACH,a62aa033-1376-4817-8e70-c81d6ae61f6a,4.1,EACH
78,30335,Karashi Mustard - PCS,85b2f318-ebff-4846-bc8f-4d38db49f887,2.6,PCS
87,30631,Katsuo Flakes 1 Lb - EACH,e2bbc1ce-f626-41d0-9afe-9dd3826edaab,19,EACH
143,53278,Katsuo Ito Kezuri (Frizzy) 12X100G - EACH,f9555860-ff86-4477-9dd8-8075a20d4a4e,9.7,EACH
139,5137,Katsuo Powder Fine (Yamacho) 15 X 1Kg - EACH,de435a00-15e1-4499-90b9-b26d7e37ba59,28.8,EACH
196,9420,Katsuo Powder Thick Tokushima-Ya 8 X 2.2Lb - EACH,a5b290f2-ec47-4f2e-a92c-747bc4db69bd,46.5,EACH
154,6369,Katsuo Sababushi (1 Kg) - BAG,a63f88f8-fb0e-4da4-9d4a-b950ab2873b9,0,BAG
134,5078,Katsuo Urume Usekezuri 1Kg - EACH,ec918348-6997-48fe-841f-1f56469b6fdb,16.9,EACH
54,20252,Kewpie Mayo 20 X 500G - CASE,fb96624b-81c3-4e43-bcfc-7e79eda3b487,89,CASE
113,3961,Kikusui - CASE,1dfaef2a-d261-4a66-a4ee-61be003cb5aa,127,CASE
14,10313,Kikusui Sparkling Sake - CASE,50b297f5-e484-42d1-9133-356b71ce2631,122.4,CASE
39,14038,Kishibori Shoyu 24.3Oz - EACH,051bf850-9911-489e-8ec2-389d84d1829c,11,EACH
156,63893,Kizami Nori - PCS,7f1b5df1-f021-4089-9bfe-5522991b7376,9.6,PCS
151,6253,Kizami Takana Zuke (Spicy) - PCS,5af0fc54-09a9-46fb-9417-a5de8341159b,12.6,PCS
82,30412,Kizami Wasabi Ykd- 250 8.75Oz - EACH,0399c5c0-2205-4af5-88ae-ff57da721594,9,EACH
100,354,Knorr Chicken Bouil 2/24/8Ct/3 Oz - CASE,bb29779b-dcc4-4b57-860c-907f1a266761,0,CASE
46,18090,Konbu Seaweed Powder 2.2Lb - EACH,0ea249c4-6361-4a59-a4e8-a657b0acb1f7,38,EACH
331,KCPOWC,Korean Chili Powder Coarse #1 - BAG,540ee098-2bf9-4363-8c62-407c2d997698,16.5,BAG
138,5089,Kosher Salt Diamond Crys 9X3Lb - CASE,1cffcf33-bd0e-4f28-ab06-315bc8fce79f,63,CASE
62,20693,Kubara Shiitake Awase Dashi 10 X 10Pc(50G) - EACH,f59072be-5313-4d60-b866-b5d1c3d9f245,0,EACH
63,20694,Kubara Yasai Awase Dashi 10 X 10Pc(40G) - EACH,b471189d-e6a3-4610-b1e2-5c36200220a0,0,EACH
8,10223,Kyoho Sour Drink Captain - CASE,699cca27-33e2-4463-91bb-b583dfc100f6,0,CASE
42,151,La Costena Pinto Refrito - CASE,e89712b7-c951-4333-a152-92a674c7730b,0,CASE
225,B00EGOTWV4,"Label Removable 2""X3"" Movemark Shelf (300) Daymark Safety System - EACH",d4acfa19-0718-4031-84a0-136ec24e8f8e,22,EACH
399,PP17,Lamb Bones - LB,e9b4210c-b698-4440-a448-5f1c604abbf8,0,LB
394,PP11,Lamb Fat - LB,0f686699-d447-43a2-99ec-f8e818476bc4,0,LB
463,SPMEAT110,Lardo Mangalitsa 3 Lb Salumeria - LB,22e4fcba-45b6-43b7-9b9b-ad5017f8544d,22.49,LB
339,LV10B,Leaves Shisho Oba Red 100 Ct - EACH,89f01343-f0d5-4ede-8ee6-61afc9370a0f,23.25,EACH
338,LV10A,Leaves Shiso Green Oba 100Ct - EACH,4f79976a-341c-41c0-85f3-29731cefe8a5,23.25,EACH
440,RP1,Leeks - BUNCH,ce857fae-3209-485b-b1a6-3b1d9d31fdbc,0,BUNCH
544,VLEEK,Leeks - LB,62af1ed5-9cdf-4be7-ae78-5cc433c15b6a,3.25,LB
333,LE10,Leeks 2 Ea - EACH,2cd7f6a0-91b7-432d-bced-4ad8612371d3,9.75,EACH
227,B2,Lemon Juice - LTR,be026e50-4761-4984-b3a9-034176ce2127,0,LTR
90,3202,Lemons 140Ct - CASE,74bd8d1c-d097-46ae-afcb-6e147707dd34,44,CASE
332,L,Lemons Choice 165Ct - CTN,c6b8c2f2-f026-485e-8ff7-f34f602ae394,43.25,CTN
334,LET4.51,Lettuce Little Gem T&A - CTN,13d4fd69-ffaa-4324-a502-3e57af5307ce,43.5,CTN
387,PL200N,Lid Souffle Round 1.5/2.25 Oz Clear Pet (2500) - CASE,f797e324-118e-44ec-ae1b-878233943c5e,62.5,CASE
319,GS406,Light Brown Sugar 24X1Lb - CASE,21509c6e-fe16-45c5-8816-f3328fe28cbf,37.9,CASE
298,FLIM1,Lime 150 Ct - CASE,aba0d5d1-28f8-4d3d-971d-a905eed072f4,48,CASE
93,3285,Limes 110 Ct - CASE,f5cbe1e8-d057-4c67-96b5-9971d693660f,48,CASE
336,LI2A,Limes Big Box 200-230Ct - CTN,bac38a9f-6e2e-4ebc-be86-f8b474377e40,57.75,230Ct
295,F25Q1MECO,"Liner Baking Pan 16-3/8"" X 24""-3/8"" White (1000) Norpak - EACH",3afc9974-e7f7-40d9-bad7-03bf1bf50d77,89.95,EACH
337,LO,Lo Gan Ma - EACH,b70449d8-740b-402e-b0df-b71f46af9954,5,EACH
213,ABC41,Madras Curry - EACH,29047131-465c-4246-93d6-4a0fb9971484,0,EACH
83,30435,Makidai No Shio (Yonemars) 10X800Gm - CASE,370d3d5d-2e98-494d-abb9-cb55c45b8202,32.3,CASE
340,MAYOR,Maonnaise Extra Heavy 1Gal Hell - EACH,799064cb-7349-4164-9017-ac9ada1b8982,33.25,EACH
189,917168,Maple Syrup Gallon - EACH,d8bc779d-3dc1-4bdd-8450-23f4f365a327,0,EACH
18,10360288,Martin’S Potatoe Roll Seeded - CASE,5d5d3607-fbb7-453f-9668-537085a789f6,0,CASE
47,200062,Matsugae Shio Konbu 200G - EACH,16e795d6-4e60-4c58-81f8-24d3b0b2294d,13.8,EACH
108,380,Meat |10 Lb. Chorizo - EACH,bb860689-43aa-44a9-a23f-1b811f6a70b9,39,EACH
105,375,Meat |Cecina 1 Lb. - EACH,86b0bd58-81df-4882-831a-28af40471cd5,0,EACH
106,376,Meat |Charola Cecina 5 Lb. - EACH,4fb82683-9446-4935-9e58-9d912aad98a1,42,EACH
107,378,Meat |Charola Enchilada 5 Lb. - EACH,dbeedf85-77ea-4ecf-945a-3cb25070349e,25,EACH
110,383,Meat |Queso Puerco Grande - LB,fd5d65f7-6b0d-4cf5-b801-23e5e07ac395,0,LB
4,10084,Melon Ramune - CASE,2bf922da-1757-406f-ada7-d809742b8ed5,0,CASE
353,MIC8AA,Micro Wasabi 8Oz - EACH,6c5c346e-16e2-4f01-bc6f-0624cfaff95a,28.5,EACH
273,DAMILK13C,Milk Condensed Sweetened 24X12 - CTN,833e9fa0-ea06-4fc0-ac36-750e9cd1d666,77.75,CTN
280,DM100,Milk Quart - PCS,8b1aabba-8cfa-44f1-9627-3261681dd9fc,1.45,PCS
274,DAMILK15k,Milk Whole Grassfed Uht 1/2 Gal Map - EACH,c823f766-bce2-4cf0-813a-bc02f28d5078,6.99,EACH
545,VMBC,Mini Bok Choy - LB,cf7fb589-8dd6-40e3-90cd-2d3fb03ec10a,2.95,LB
352,MI,Mint 4Oz - EACH,2dd8324f-5bb9-46e7-98b6-745d0f9b7c9f,4.75,EACH
64,22764,Mirai Crystal White Rice 50Lb - BAG,2f48c164-5431-40ec-a861-ebddac9d91d4,45,BAG
48,20052,Mitake Shiratamako 5.2Oz - EACH,f83d5fec-faa2-4211-8d84-1c5a61893bd5,3.3,EACH
50,20153,Miyako Panko 8Lb - EACH,3b78536e-9479-4707-b26e-479d76abfb14,23.5,EACH
80,30360,Mizkan Rice Vinegar 4 X 1Gal - CASE,8b516015-1304-4277-b9b4-e05e17cbecd6,31.5,CASE
341,MB1,Mole Asuncion 16Oz - EACH,09c79fc9-0da6-44a2-b968-0a17edc963d1,3,EACH
223,ARL75325-CS,Mop Heads (1/Ea - 12 Ea/Cs) - CASE,d21bf081-ffe8-4647-90ac-abb4a9edd096,87,CASE
355,mortroll,Mortadella Plain (11# Avg) - EACH,f08b690b-4789-4bbb-8806-6405841954c7,87.89,EACH
261,CM163,Mozzarella Cheese Shered - PCS,597b23f3-a970-49af-964c-17ee07300753,0,PCS
272,DACHEESE4A,Mozzarella Shredded 5Lb Gal - EACH,4c06f843-6466-4614-82f8-7106886643e0,15.61,EACH
257,CHEESE44,Mozzarella Straciatella Di Bur - EACH,48bee2da-18e4-453e-851a-acb99921d6aa,11,EACH
2,"1""",MTP 0.00 Tasting Spoons - CASE,407d6c33-856f-4324-b107-a7f9ed05e83e,0,CASE
147,61035074,Murphy’S Wood Oil 145 Oz (4) - CASE,fb5166c2-696a-40c6-becc-706286e08f1e,69.95,CASE
359,MU7,Mush Oyster 5Lb - CTN,9b607dd5-8a07-44ae-9bc8-034f01068f6e,31,CTN
360,MU9920,Mush Trumpet Royal 11Lb Asian - CTN,5512027f-63cc-4957-ae61-7230c0d11bbd,28.5,CTN
361,MU999D,Mush Wood Ears Dried 1Lb - EACH,a1f1f5b2-6816-482c-8fea-cd08578fb812,14.75,EACH
97,3433,Mushroom Button 10Lb - CASE,a5b176ca-774f-43dd-8160-63bc9385928c,24,CASE
367,NYM12,Mushroom Dashi Pack - BAG,cf913ca2-6812-46c4-8553-c42041a8c230,50,BAG
357,MPOW,Mushroom Powder 12 X 17.11 Oz - EACH,44f59717-a8fb-4160-abf8-f9861ec2c81c,8.5,EACH
362,MUS,Mustard Seeds - PCS,e8cd844e-458d-41a1-9e49-00802a74325a,0,PCS
130,5050VN,Napkin 1 Ply Kraft Mocha 12X13 (6000) - EACH,564fc919-fd70-4dd0-bb18-71ebec4f576f,60.77,EACH
369,NYM5,Nigo - CASE,756c8f33-730f-4e52-8015-7718d5f7d12e,0,CASE
165,7300,Nigori Sake (Bottles) - CASE,2ce92ac3-c771-4725-9920-21d532d5ce54,67,CASE
481,SPSPICE11,Nutmeg Whole 1Lb - EACH,28829595-32b2-4f8f-8759-fa91dac0479b,14,EACH
372,OILCF3,Oil Coconut Virgin Refined 128Oz Ca - EACH,bcccaf48-bf7d-4c8e-b07f-ed61462ea62d,30,EACH
66,23691,Onion Crunch 1Lb - EACH,75ddb8ce-81c7-45d9-a7d7-4d364de8a136,4.5,EACH
209,ABC24,Onion Powder - PCS,7c8c5738-7c92-487b-b33f-725b3e4a9459,0,PCS
375,ON31,Onion Spanish 10 Lb - CTN,bb7a74a9-2c07-4600-8c1d-05e0e47aae22,14.5,CTN
376,ON995,"Onions 1/8"" Dice 5# - BAG",0ab096d1-5006-4e16-810c-35b67d3ca934,0,BAG
377,ON995B1,Onions Spanish Diced 1/4 5 Lb - CTN,e8fd7209-6a6d-4e42-ac5f-a90557d84d1e,19.25,CTN
547,VON,Onions Yellow - LB,49bf7429-ee6c-4b93-822a-c28c1819a9bd,0.95,LB
379,OR61AR,Orange Navel 4 Lb - EACH,0e638fc0-6ccb-4c5a-85b8-c9d2161be83b,7.75,EACH
378,OR,Oranges Navel Choice 56Ct - CTN,e8aa1626-1da9-4983-9ff6-e56d4cca3342,41.75,CTN
75,3011,Organic Eggs Fresh 15 Doz - BOX,8a96bf91-8d8a-42c8-8667-d3da46dde735,0,BOX
159,6732,Orion Beer - CASE,4e1d795d-74ae-45a1-8f96-e32ec7f26c84,41.9,CASE
356,MOYS,Oyster Mushrooms 5Lb - EACH,3cf65824-76e1-494c-8d64-293cdf462e0f,38,EACH
366,NYM11,Oze No Yukedo Sake 720Ml - CASE,5fb82192-792d-47cf-bd19-a7972e649085,0,CASE
219,ABS001,P/D 31/40 Frozen Shrimp 2# - BAG,297ec5dd-5a68-4b57-bae6-46d4903ddc6c,0,BAG
318,GS202A,Pam Spray 12X6Oz - CASE,631dd5a1-5858-4daf-bf2a-3961c5df3088,63.4,CASE
71,290001,"Pan Liner Quilon 24"" 16 3/8 X 3/8 White (1000) Easy Elegance - EACH",fbdc108d-605f-4815-8607-c2a284009590,89.95,EACH
118,4139,Panda Cups - CASE,734a9286-3dc4-4a74-9310-8f38da0d0fa7,143.7,CASE
299,FLOW6,"Paper Wax Deli 6X10.75"" White Interfold (6000) Norpak Logan Wrap - CASE",cfc113b3-6676-4d0a-95b8-e5e6b7df47d7,59.95,CASE
483,SPSPICE14A,Paprika Ground Box 5Lb Diretta - EACH,6a3697bd-dc16-4cd0-9e68-488366c6c698,25,EACH
507,TR10,Parchment Paper - CASE,f5f6a567-4045-4fb3-b834-059cb401e6dc,0,CASE
383,P2B,Parsley Italian 3Ct - EACH,ba8c32a6-11bc-444c-afe8-cc1f857f1798,4,EACH
161,70,Pasilla - LB,3aaa821e-f16d-45ea-ad65-926459f11a21,7,LB
432,PR93,Pears Bosc Golden Pant Pack 20 Ct 20 Ct - CTN,7bd7e95c-006a-4ba1-a067-2b9902787ef3,0,CTN
548,VPG,Peeled Garlic 5Lb - JAR,00166e01-d8ae-419f-a8b7-5a79fa39d4a4,25,JAR
220,ABS002,Pei Mussels 2# - BAG,90fd82ed-c09e-4a23-bc27-be3bf8fd00b9,0,BAG
384,PE9993.1,Pepper Fresno Red 1Lb - EACH,23128362-5c08-4c5d-8636-f83ffbf4ce30,7.5,EACH
492,SPSPICE99NN,Pepper Red Crushed Box 4 Lb D - EACH,d88fe181-ec42-4b94-a835-d23f8be4f4a6,21,EACH
537,VEG1AB,Peppers Piquillo Roasted 5.5 Lb 4.3 Lb Dr Wt 5.5 Lb - EACH,abdeda16-643a-473f-9bb9-7427fae1e15a,0,EACH
72,2978,Persian Cucumbers 20Lb - CASE,34720912-29dd-4d3d-a453-77baa84a12c7,38,CASE
43,156,Piaxtla Corn Tortilla 30/28 Oz - CASE,ad068c5e-9f63-42e5-85f5-f8a47997d5a1,50,CASE
389,PMUS,Pickled Mustard Green - 36 X 10.5 - EACH,53338879-9481-487a-9a2d-99bb1ee89ee4,2.5,EACH
433,PRB,Pickled Red Bird Chilli - LB,ad8f796c-279f-4d90-922b-991eb7526a6c,5,LB
434,PRCP,Pickled Red Chilli Pepper 24 X 16 - CASE,4569ee34-30d0-41f3-bee3-870424e5f990,120,CASE
210,ABC26,Pickles Thai Chili (24 Each) - CASE,18099f84-931f-4dae-876f-d6ddfb515491,0,CASE
423,PP43,Pig Feet Split Bg Ro (30#) - CASE,5e3f34cf-f6fa-4fcd-aa02-82c3fbfdd989,104.7,CASE
415,PP36,Pig Feet Whole (30#) - CASE,9b7b6a1b-3385-4b45-8fc6-ba3148b8195e,89.7,CASE
427,PP47,Pig Head Split Ivan - Half (10#) - EACH,baf55a36-c250-44c4-bb80-a2584b9b8bd9,29.99,EACH
546,VN150323,Piquillo Peppers Canned 6X2.5Kg - CASE,38efe8cc-8993-4d51-b11c-4cdae815fefd,82.66,CASE
468,SPNU8A,Pistachio Natural Bag 12X1Lb - CTN,b528f016-884f-49e0-80b4-03d61caa7e0e,122.75,CTN
469,SPNU8AAA,Pistachio Raw Shelled 5Lb - CTN,9b6aa26d-0ec0-4a82-b5ca-097681dc8f29,73.5,CTN
467,SPNU8,Pistachio Raw Shelled Tin 4 Lb Bazzini 4 Lb - EACH,026a6a02-860d-4350-be2c-40913333f133,0,EACH
386,PITADK,Pita Bun Dk - EACH,d7c98ec9-417e-442e-92a9-ae70efe97097,90,EACH
188,914M,Plastic Wrap 18X2000 Gauge 35 Reynolds - EACH,256680be-0632-4d6c-83f0-93c4b57b0c32,32.95,EACH
265,CSPLU,Plum Sauce - EACH,560bd63b-7c90-4d80-ba8b-12cb8f54b3fa,15,EACH
395,PP13,Pork Belly Boneless Seaboard (10# Average) - EACH,c2d554e5-352e-4dbe-8754-90aa5c6906b9,39.99,EACH
426,PP46,Pork Butt Boneless Bg (14#) - EACH,0543f97c-0352-4dec-b6e2-9061396d0103,41.86,EACH
421,PP41,Pork Chop Cut - LB,a2a61f18-f0ff-4c7a-90bd-5fad065f1d02,3.99,LB
190,929403,Pork Fatback 15# - CASE,5cc72569-8ceb-4cb2-917c-d6d5ce6e661b,0,CASE
392,PP10,Pork Ground Coarse 10Lb - EACH,99fb8de4-857f-42c9-8377-cac9e27ce186,39.99,EACH
397,PP15,Pork Lard 38.50Lb - EACH,f1797177-51ea-4486-9fb6-a5dc0782b0c2,79.99,EACH
388,ploin,"Pork Loin Abf Duroc""Boneless (10#avg) - EACH",f452a852-b29f-4c2b-81d3-fed3922d9ca2,69.9,EACH
301,FP38405,Pork Neck Bones - LB,1093a57e-820c-4582-885b-9a237da88a4c,0,LB
416,PP37,Pork Neck Bones 30Lb - CASE,d72d4200-59b0-48fe-8cfd-5776ee45c029,59.7,CASE
417,PP38,Pork Ribs 4 Dow Bg (10#) - EACH,78ac1059-3ec7-4cc3-804c-8a2d143c77f4,25.9,EACH
401,PP19,Pork Tenderloin Hx Bx Bg (1.25# Avg) - EACH,00a4059e-9c3d-4600-b824-ed8ac20597ea,4.11,EACH
549,VPOT,Potato - LB,30cda865-2762-461c-ae16-e3b9080425e2,1.5,LB
437,PSTA,Potato Starch 50 X 13 Oz - CASE,37839b56-9628-4e25-8f22-f5a1cc357146,95,CASE
390,POT92E,Potato Yukon A 5Lb - EACH,ae1244f2-8e27-4f86-91ab-6a15a5ef9bac,9,EACH
527,URPOT30R,Potatoes 5 Lb Idaho Ur 5 Lb - EACH,feb37a13-5a6c-4296-acbc-854adbe71fa5,4.25,EACH
391,POT99,Potatoes Russet 50# - CASE,bd0b868f-2ac6-4f72-9a4e-50ef47752e5a,0,CASE
129,5034,Pouch Miso Base #5034 - PCS,8f77200b-5ab1-4ca5-8601-0e44f7b4875f,29,PCS
166,7423,Pouch Tonkotsu Base #7423 - PCS,9ff8390d-d3c4-4768-a14c-7210bb4d51bb,0,PCS
480,SPSPICE10,Powder Chipotle 20 Oz Diretta - EACH,86aee945-3ee2-4c25-ac1e-40a756e95b62,11.7,EACH
494,SPSPICE9J,Powder Gochugaru Korean Red - EACH,cc76c52f-6160-4ce0-bc5a-9bfc3ea26d0f,6.75,EACH
345,MC780,Pre Almond Marcona Mc - LB,0e6e025b-9e36-486e-822c-dad9d6ed52d3,19.77,LB
343,MC251,Pre Cheese Manchego Murrays 1 Years - LB,c8e6164b-0310-4100-a450-ff9443eaaf04,14.29,LB
346,MCK38,Pre Straciatella Calabra 15Oz Mc - EACH,42810d9c-5fcc-40c4-a56e-73817e737149,9.99,EACH
164,7200,Premium Sake (Sho Chiku Bai) - CASE,10bd297f-fa1f-45f4-8c6d-260f11675e93,69,CASE
435,prov,Provolone Mild (6#avg) - EACH,9f2da590-1c00-4cdd-8291-81b82083ad24,29.94,EACH
169,78,Pulla Mexico - LB,e11e2164-6c1c-4c94-ab80-9069e288879d,7.5,LB
393,PP101801,Puree Strawberry 30 Oz Perfect P - EACH,5faea494-0579-4b9d-9099-3cde7c9d6291,16.25,EACH
104,370,Queso 5 Lb. Oaxaca - EACH,6e7ecb00-41fc-4b1b-8658-f08e3d958fe3,22,EACH
102,362,Queso Blanco 5 Lb. - EACH,695d5a78-27c4-4de9-9391-c82dfbca626e,0,EACH
103,368,Queso Molido 16Oz - LB,689a3e31-712e-4376-bf55-294643a3c62d,4.4,LB
550,VRAD,Radish - LB,ce80ab9b-2773-4fab-bc0e-59b13fc20437,1.95,LB
551,VRSP,Radish Sprout - 12 Pint - EACH,b3bd3c28-90e3-4741-be69-a8f77248c8ad,30,EACH
466,SPNU2,Raw Cashews 4Lb - EACH,f2799a18-5bea-4c9b-ba54-0f0e5cffd38f,35.75,EACH
193,933294A,Red Boat Fish Sauce 2L - BTL,638350fe-1a42-4f35-9eb4-257d879160e3,0,BTL
36,12841,Regular Ramune - CASE,7f356ea6-92af-4c3a-a19e-e2ff436fe2f9,0,CASE
439,RFLOU1,Rice Flour (24 Bags) - CASE,5e3d9301-02ed-4cd7-8b08-d2b86cc0c3cb,36,CASE
116,40551,Rinkosan Kurosu Brown Rice Vinegar 6 X 900Ml - BTL,09c92155-93a0-45ba-9a7b-63e48b482ca2,15,BTL
33,11021,Rock'N Plum Juice Saika - CASE,63a3a99d-a3be-4774-bda5-c03825d07bd9,0,CASE
244,BR100PR1CS,Rolls Potato Sandwich 9X8 Ct Martins - CTN,a32cd44e-f2a7-4196-a417-0eb2be2183f4,33.7,CTN
16,10337133A,Ruprecht Pork Belly 12Ozx40 - CASE,7bd3f863-1fab-4006-a307-e31fae4a8c0f,188.55,CASE
98,34654,S&B Shichimi Togarashi Bag 30X10.6Oz - EACH,194037b8-06a1-43c5-a9e6-7959a3e9630a,6.8,EACH
160,6834,Saba Kezuri 4.4Lb - EACH,009c3259-a65f-4f16-b496-77569136d050,45.8,EACH
174,80076,"Sack Paper Grocery 1/6 12X7X17"" Kraft (500) Duro - BUNDLE",e1568c57-8aed-40a4-bf3c-c206b46f9f9e,99.5,BUNDLE
445,S,Sage 4Oz - EACH,cbddf13c-a80d-4239-897f-031eaf632b22,4.5,EACH
126,49032DMAX AND 51932DA300,Salbert Bowls And Lids - CASE,20f31f25-1f42-42af-a3b2-4da29358a03e,0,CASE
77,30307,Salt Ara (24 Bags) - CASE,2d14c975-bba6-435c-9468-893f4c7dda18,77,CASE
446,SALT,Salt Ice Melt Calcium 50Lb Bucket Peladow - EACH,8f0e146c-e8c3-431e-8e69-1932c7143135,49.95,EACH
479,SPSALT66,Salt Kosher 9X3Lb Diamond Crystal - CTN,f2c0232f-8e5c-4ad7-9b8c-d8c8763af57b,74.5,CTN
478,SPSALT2D,Salt Sea Shot Well Smoked 3Lb S - EACH,bcc96280-a141-48c4-bec9-1f81c692d798,35.2,EACH
451,SDEGG,Salted Duck Eggs - EACH,21734ad0-63ec-4fd7-bab5-d82a19c68acd,9.5,EACH
497,SSAM,Sambal Oelek Huy Fong 3X1Gal - EACH,9593d7c0-4c66-481e-a102-35ba4d85d933,38,EACH
91,320312,"Sandwich Bag Natural Grease Resistant 6""X2""X9"" (1000) - EACH",d659e980-0fda-490d-ab21-4aeef880ebd1,0,EACH
68,24385,Sansho Pepper - BAG,a3a5f6fa-f554-42d3-9b3a-d31b3e34327d,32.15,BAG
455,SOUR1A,Sauerkraut Barrel Cured 5Gal Pa - EACH,18830874-7907-45d8-ba19-c9326bd474b8,48.75,EACH
206,ABC13,Savoy Cabbage - CASE,f0836ed7-4945-4bd4-908c-5102a67d7782,0,CASE
449,SC2A,Scallions Iceless 48 Ct (4 X 12 Ct) - CTN,38951f15-93c4-4779-8f44-73fe0eb32fb8,32,CTN
183,84CC,Scrubber Stainless Steel (72) 3M - BOX,455a0f75-6b31-4bfd-9735-557a56423fad,0,BOX
150,62001,Seaweed Toasted Nori Blue 10X100Pcs - EACH,c405eec7-2a9c-470d-b04d-61a362d22f70,10.75,EACH
485,SPSPICE3,Seed Cardamom Green Whole 8Oz - EACH,8ffa81ad-8ba2-4efb-a0dc-f4a2734508fc,26,EACH
487,SPSPICE5,Seed Coriander 10 Oz Diretta - EACH,fd0f7cfe-60b1-40b0-9b04-ab2da14baa26,7.7,EACH
489,SPSPICE6,Seed Cumin 1 Lb 16 Oz - EACH,3d9be134-3d0c-4486-bc48-26eaa715072d,0,EACH
491,SPSPICE8,Seed Fennel 1Lb Diretta - EACH,8f748a71-6357-45f3-8696-2ee91b7ea5cd,6.5,EACH
484,SPSPICE17C,Seed Fenugreek 24Oz Diretta - EACH,a0111443-9220-45c5-839a-776291b17520,6.5,EACH
486,SPSPICE4C,Seed Mustard Yellow 1Lb Diretta - EACH,12d9a81a-ab58-4121-91f7-c12e5a9db654,7.5,EACH
19,10361424,Seltzer Water (Cans) - CASE,f5b57278-2a34-4ac3-88d6-16db6b42a201,0,CASE
218,ABC8,Seltzer Water (Cans) - CASE,d5d6fe73-51e0-4393-9733-c4da49a59710,0,CASE
7,102021,Senkin Modern Muku Junmai Daigingo 300Ml - CASE,990fc473-69d1-4f03-b6b3-9015bc52e6ce,104,CASE
552,VSER,Serrano Peppers - LB,a0586266-e1d0-4466-989f-dbe9ac8ad803,3.5,LB
380,OSESO,Sesame Oil 56 Oz Can - CAN,4f3cd2b7-5ed8-4af5-9564-9d9cdffc9c01,21,CAN
12,10304809,Sesame Tahini Paste 40# - BUCKET,dbccf6c2-9df3-4731-bd63-726aa4361e3b,0,BUCKET
553,VSHA,Shallots - LB,5acee95d-101c-4ef0-abb2-ddddff8ed7b4,3.25,LB
322,GSX,Shao Xing - GAL,1375dd4f-eae1-423c-a473-86d9ebc04ad8,10.5,GAL
454,SHIR,Shiratake 12 X 8 Oz - EACH,a6d03b0d-7515-4b8e-9627-8cf861da6594,36,EACH
141,523631,Shiro Atari Goma Kabuki 10.5Oz - EACH,e6085ba0-c5e8-4a3d-b132-d2dc6a4a31bd,8,EACH
52,20173,Shiro Miso Yamajirushi White Miso 12X2Lb - EACH,306e8f0f-3bdd-4a13-94a9-ef8cdb50f295,4.3,EACH
554,VSHISO,Shiso Leaves - PKT,aad1c917-3891-461f-ae65-7d27c84d4e8f,19,PKT
84,3045,Shiso Obba Leaf Green 100 Ct - CASE,2a9d0a2b-de4f-4d44-9696-26bdecf02922,0,CASE
60,20533,Shoda Nidan Jukusei 1.8L - EACH,fb5b2f71-e147-46df-8da1-face0b28aabe,12,EACH
176,81500,Shoda Soy Sauce 18L - CASE,b3b8c658-8457-4aa0-b3f9-d79a21ce0d57,38,CASE
185,8U12EW-W011-5,Shrimp U-12 Ecuador White (5# Box) - BOX,ecc560a1-4b3d-482c-bfe0-0820c81427b9,45.5,BOX
302,FZ1E,Simplot Frozen Shoestring 1/4 - CASE,a4f302cf-eca5-46b2-b7a4-b56ac01d2795,0,CASE
420,PP40,Skirt Steak Bg Regular - LB,5a3f2b97-f989-49cc-a155-bf4a01fda5f8,11.99,LB
65,23681,Sliced Garlic Chips 1Kg - EACH,4d949337-83e5-4695-adda-e669924d19a2,13.9,EACH
351,MESMEND2,Smoked Bacon Slab 6.16Lb Avg - EACH,ca4c7a79-3f57-4793-b16a-b387565c3cee,72.76,EACH
123,448805216-CS,Sodium Hypochlorite - Bleach Laundry 1 Gal 2% Full (6) - EACH,671edbcc-2b6b-4d36-9637-d763aa165ff2,29.91,EACH
13,10304809N,Soom Tahini 1X40Lb - CASE,0f92e549-b0a9-47c1-96bb-3f2332868e7a,148.9,CASE
382,P200N,Souffle Plastic Cup 2 Oz (2500) Solo Dart - CASE,335b645e-93b5-4012-bccd-afe3d7fc4840,69.95,CASE
271,D135,Sour Cream Dairyland 10 Lb - TUB,f030aca0-ab68-49b9-afd5-855855a030cc,33.4,TUB
456,SOYM,Soy Milk - EACH,bb0ff6fc-6b67-4b19-af02-7ab63137726f,5.5,EACH
53,20228,Soy Sauce White (6 Btl) - CASE,0200c060-c955-4764-a97e-e3e387f67280,59.4,CASE
472,SPP100,Spanish Paprika (16 Oz) - PCS,2de7a1fb-ca49-4f86-b3d1-220227ce1d6b,0,PCS
473,SPP135B,Spc Cayenne Pepper 1X5Lb - EACH,69207127-fc29-4dd1-b758-f9eb0c76a134,23.9,EACH
477,SPS135N,Spc Kosher Salt (12.Cs 48Oz) - CASE,a69eb0ec-70a9-4079-8ab8-c02102d19890,64.94,CASE
471,SPO100,Spc Onion Powder 16 Oz - EACH,ef81f98e-3c7f-418e-9fa5-0ea1bc79b044,8.61,EACH
475,SPP154S,Spc Red Pepper 1/4Lb Tub - EACH,36492b4a-97bb-4161-b7b1-8b6b947ba482,16.22,EACH
459,SPC100,Spice Celery Salt (32 Oz) - BTL,068821cc-83d8-470d-8702-aa589646cce7,0,BTL
94,33329,Spice Togarashi (300G) - BAG,a9fc5d8c-10f3-48f6-9d4b-034ef09e6756,6.8,BAG
495,SPSPILAB,Spicy Aleppo 16Oz La Boite - EACH,f65dae9d-f7d4-44df-8abe-017939f87eec,15.5,EACH
457,SP6,Spinach Baby 4 Lb - CTN,67649e13-5ebf-460a-a698-4a9503d4a948,15.75,CTN
523,TSQUI,Squid Fish Sauce - EACH,1e200fc4-61b8-44b1-b75c-857c77064a00,50,EACH
306,GCSEP1306-12,Stainless Steel Polish - CASE,8936c60f-7899-4a02-8f2a-9652c55cf9c5,0,CASE
347,MD841,Stainless Steel Polish And Cleaner 20 Oz 12 Pcs. Per - EACH,3c6e876f-be35-4aca-be01-a05f6f2bf6ab,0,EACH
175,8051,Steamed Buns (Chimei Gua) 20X300G - CASE,79680e98-2eb6-4217-b627-5a8e7335aaa5,70,CASE
214,ABC43,Steamed Buns (X18) - CASE,44a27bff-0023-42d5-951e-585f5ecb6a24,0,CASE
510,TR15,Steel Scouring Pads - CASE,7be49503-b92c-45c3-9041-37d1dd9e706b,0,CASE
305,GB12,Stone Grill 3.5X4X8 3M (12) - EACH,b72e1ce0-f279-4cc4-bc4e-5ab444db8da5,25,EACH
258,cheese4dcs,Stracciatella Lioni Latticini 6x1 Lb - CASE,95e56ec7-64a9-4b5c-857c-53d5d1eb215a,48.48,CASE
234,BE10A,Strawberries Koyo 1 Each Tray Oishii - EACH,8a26f720-2be4-4860-861b-7f77849837e6,14.75,EACH
6,10087,Strawberry Ramune 30X6.7 Fl.Oz - CASE,0f760e4b-229d-4551-aa25-09788042a60d,45,CASE
320,GS420,Sugar Bulk Granulated X Fine 1X50 Lb - CASE,53c02101-4600-4343-b779-4aa7a4ef7929,49.4,CASE
436,PS1,Sugar Snap Peas (10 Lb) - CASE,ba4d62de-9344-4280-bf03-fee8ed996999,33,CASE
158,6453,Suigei Tokubetsu Junmai 720Ml - CASE,a33410ed-972c-45c7-aaec-31fc93b4ab0e,201.9,CASE
162,70540,Sun Noodle Gyoza Skin M 12X2Lb - CASE,a4e6b786-afb0-45e5-b182-512d88332417,36,CASE
502,SUN,Sunflower Seeds 4.5 Lb - EACH,196052b8-1864-44c4-a9aa-ebeee02f2f2f,30,EACH
23,10550,Suntory Keg - EACH,e4801d86-c422-45f5-b604-9bc17228f696,99.8,EACH
163,70684,Sweet Rice Sake(Non-Alc) Hakkai Amazake 14.4Oz - EACH,4909cddc-c296-4f43-8610-16bb479f4e39,5,EACH
496,SPSY7,Syrup Corn Blue Label Dark 1 Gal Karo 1 Gal - EACH,9477895a-ffe1-4bf2-8cfe-5af0371253ba,0,EACH
385,PEP,Szechwan Peppercorn Premium - PCS,f35e7683-0f6c-4312-b55a-8c7ebcbf9c0a,22,PCS
503,TBS,Taiwan Brown Sugar - EACH,0239807f-c035-4f6b-944a-373cccd08e9b,4.5,EACH
137,50839,Takara Can Chu Hi White Peach - CASE,dc34d582-4b36-4051-999a-b83a40c3c042,56,CASE
29,10844,Takara Shochu - CASE,e33b5390-8d3d-481e-bc63-51e80cf656e2,138,CASE
259,CHEESE4J,Taleggio Cheese 4.4 Lb Carozzi - LB,ea40cec7-c541-4e2f-94fc-e3b9662f63b7,9.2,LB
370,NYM8,"Tamanohikari ""Hiyaoroshi"" Junmai 720Ml - CASE",2c165e52-07ea-432f-848d-252c81565a39,0,CASE
371,NYM9,Tamanohikari Hiyaoroshi 720Ml - CASE,afc93a1e-f200-4f89-8c27-a5121c7d659a,93,CASE
24,10568,Tatenkowa Three Peaks 720Ml - CASE,44c4606c-1dc1-439f-acb3-c9f5659a689a,31.6,CASE
522,TSPPWP1000,"Teaspoon 5.5"" Medium Weight White Plastic (1000) - EACH",402455bb-6869-44d3-ae69-8ddb29477432,16.95,EACH
58,203301,Teien Koji Mugi Miso 17.6Oz - EACH,24155b1a-bcbc-42e1-afe6-53dbc74c76de,3.7,EACH
157,6395,"Tengumai ""Dance Of The Demon""/ Yamahai Junmai 1.8L - CASE",b1ebf8e8-415f-4c66-832c-96d9a78738a4,196,CASE
27,10798,"Tenmai Junmai ""Polar Bear"" Cup Sake - CASE",d684579d-e9ca-42d4-8bbd-96a4161267ab,115,CASE
493,SPSPICE99S,Thyme Whole 6Oz Diretta - EACH,49093730-9fe1-4051-8971-d69386325c56,4,EACH
79,303571,Tobanjan 12 X 17.6Oz - CASE,1a48cff1-4ed3-42d3-9a7e-4b7a44274219,75,CASE
506,TOB2,Tobanjan 2Lb - CASE,8d23865e-25c3-4188-95a0-369da51b546b,0,CASE
182,8397,Tofu Shirataki(Spaghetti) 12X8Oz - CASE,4d9ac064-7f56-45d6-a0ee-923d777e635f,24,CASE
216,ABC50,"Tofu"" - Noodles (12 Ea) - CASE",9e070f0a-4304-494a-ad7a-fecb67caf3fa,0,CASE
364,NP-962U,Toilet Paper 2-Ply (96) - CASE,f9a6c7ec-b4c9-4f84-b230-4560cc92c66f,79.95,CASE
555,VTOMA,Tomatillios - LB,ec7277ea-7333-4f63-9005-17cd8145003b,2.25,LB
505,TO993,Tomato Beefsteak Green 1 Lyr 1 Lyr - CTN,91da2877-4ec7-4e4b-81f8-30ccceac1998,0,CTN
504,TO,Tomato Plum X Large Red Ripe 25Lb - CTN,996dff0d-91b4-4b9f-b679-d7038f8977ac,26.5,CTN
195,937821,Tornado Black Chopsticks - CASE,f872f7d7-8fae-40ad-8606-46faafe4a517,160,CASE
133,50764,Tube Shiro Neri Goma Kuki 2.2Lb - EACH,fe8f0fae-9459-4e7a-b5ac-8da397f20fbf,16,EACH
525,TUNSAKBLK,Tuna Saku Block Aaa 12-24 - LB,22b44f29-9441-4eb7-b5fb-ef97fa181ea3,13.75,LB
524,TUNSAK8-10,Tuna Saku Block Aaa 8-10 Oz - LB,f409379f-88c2-497b-802b-4462e6bbc58b,13.4,LB
518,TR4,Twist Ties - PCS,abae6e4b-a679-4976-95db-62a6fac07358,0,PCS
40,14901,Ucc Black All Natural Coffee Cans 24X9.74 Fl.Oz - CASE,d65e2627-cf6a-449b-9c56-6eed3345f486,48,CASE
38,13672,Ucc Green Tea 24X11.1 Fl.Oz - CASE,5576b060-e2b4-44e6-a523-3ad2bbc22935,30,CASE
41,14921,Ucc Oolong Tea 24X11.1 Fl.Oz - CASE,fffe402b-9508-4657-ac0f-ed5be5c28456,30,CASE
67,24191,Ucc The Blend 117 (12/3.5 Oz Cs) - CASE,2fc075f9-5037-4b38-bd1a-20b917a847c7,60,CASE
246,BUSBM,Unsweetened Soy Bean Milk - PCS,4c8581de-e661-43ad-914b-daef7057a779,0,PCS
425,PP45,Vander Rose Ground Fine - LB,68876b3c-1bd6-4b26-89c4-a9f594fa64b4,6.99,LB
368,NYM13,Vegetable Dashi Pack - BAG,4d7b6b85-583c-44ce-b38d-96baa0232d3e,39,BAG
539,VIN6A,Vinegar Chardonnay 500Ml Pons - EACH,76192834-abb6-4979-a66e-7b8397192420,17.5,EACH
540,VIN6B,Vinegar Moscatell 500Ml Pons - EACH,f9d08275-700c-4853-9de9-876e9eb4b6ad,9.99,EACH
542,VIN8B,Vinegar Rice Unseasoned 1 Gal Marukan 1 Gal - EACH,23354d21-3084-465e-8c39-d232f982ba04,0,EACH
323,GV385,Vinegar White (4 Gal) - CASE,4b807da7-1614-4400-88ca-a3bace581231,12.26,CASE
541,VIN6E,Vinegat Cava Rose 500Ml Pons - EACH,f5c95bb9-6610-4d4b-896e-1e6c7eb11797,9.99,EACH
470,SPNU9A,Walnut Halves Tin 2.5Lb - EACH,a44ffd8b-306a-4703-8022-827faa95ccbc,20.9,EACH
128,50070,Water Bottles 16.9 Oz - CASE,dff2f401-719e-41f7-8445-ce5565fd25ca,0,CASE
556,VWCRESS,Water Cress - LB,dafc9fda-1d32-4cd5-9990-b4efffa6eb5c,2.5,LB
558,W1,Watercress Baby Cress 1.5 Lb B&W 1.5 Lb - CTN,d374de58-8af3-4b79-9044-eab74b099f19,15.75,CTN
412,PP33,Waygu Tounge (2.5#) - PCS,613b00d8-831f-47f6-9096-28293375c4f3,0,PCS
49,2012B,White Bleached Cheesecloth 36 In X 80 Yards. - EACH,b8c5f93c-e7d0-4f16-a5e4-6fac7e3603e6,0,EACH
559,WHS3003-41,White Hand Soap Elegant 4X1 Gal - CASE,d90496fb-3767-4f7e-9484-2686c7ad6d97,49.95,CASE
500,SSWS,White Soy Sauce Shoyu - PCS,d4daf68b-3c1e-4011-9757-7651c7e34cb7,0,PCS
465,SPNU1M,Whole Blanched Almonds 4Lb - EACH,808d884d-3d9f-46cd-ade7-f0d425fa1219,27.5,EACH
354,MILK,Whole Milk - GAL,87188b9b-0d82-4276-a658-d88aa90e76e9,7.5,GAL
186,90139,Windex Glass Cleaner 32 Oz W/Trigger 12Pc/Cs - EACH,623a1600-4ace-4caf-90a7-dea4946a4b9b,0,EACH
501,SSYA5,Yamasa Soy Sauce - 5 Gallon - EACH,b493f575-9a15-4a83-a88f-561924208b7f,52,EACH
55,20301,Yamasa Soy Sauce Tub Usa 5Gal - TUB,09af0543-17a4-4b70-b0a4-c0cfa82b3204,32,TUB
275,DAYOGURTK,Yogurt 10% Greek 11Lb Kourellas - EACH,6e9ee6f3-c0c3-4f5d-8d2d-ead24d26b103,45.5,EACH
557,VYCS,Yu Choy Shoot - CASE,d95b62ca-4903-4131-8472-600069695481,0,CASE
56,20316,Yuki Marudaizu Shoyu Yms 34Fl.Oz - EACH,c19fc476-e069-42db-b7f8-a22aff989b8e,8,EACH
374,OJYUL,Yuzu (L) 1 Ltr - CASE,60f4fa33-5173-4574-b872-6a9d3a7123e5,0,CASE
85,304921,Yuzu Juice No Salt Kita 1.8 L - EACH,532de169-f51f-45fa-b1bd-22669b5fe29d,49.5,EACH
86,30515,Yuzu Kosho Green 2.82Oz - EACH,013c76bb-3bb3-40c7-8cd6-73a50fdb43ba,3.3,EACH
76,30273,Yuzu Kosho Red 2.82Oz - EACH,0841cfbb-6356-4566-b8a8-e1c128b1381e,3.3,EACH
197,94604,Ziploc Bag Clear Freezer Gallon (250) - EACH,1c5a9310-4d85-4f0d-9ad7-536d9d7fe448,0,EACH